{
	"namespace": "pausehud",
	"credit_text": {
		"type": "label",
		"text": "§l§1Time Stop Addon\n§r§fCreated by:\n§cJessie101 §f&\n§bSineVector241\n§ffrom §5PXLPerfect\n\n§fOur Website:\n§5pixelsperfect.net",
		"anchor_from": "bottom_right",
		"anchor_to": "bottom_right",
		"shadow": true,
		"font_size": "normal",
		"text_alignment": "center",
		"offset": [
			-160,
			-5
		]
	},
	"pause_screen_content": {
		"modifications": [
			{
				"array_name": "controls",
				"operation": "insert_front",
				"value": [
					{
						"credit_text@pause.credit_text": {}
					}
				]
			}
		]
	}
}