{
  "namespace": "holographic_postrender_screen",

  "special_render": {
    "type": "custom",
    "renderer": "holographic_postrenderer"
  },

  "holographic_postrender_screen@common.base_screen": {
    "send_telemetry": false,
    "screen_not_flushable": true,
    "render_game_behind": true,
    "is_showing_menu": false,
    "is_modal": true,
    "should_steal_mouse": false,
    "render_only_when_topmost": false,
    "screen_draws_last": true,
    "$screen_content": "holographic_postrender_screen.special_render"
  }
}